{"epoch": [0, 0, 1, 1, 2, 2, 3, 3, 4, 4, 5, 5, 6, 6, 7, 7, 8, 8, 9, 9, 10, 10, 11, 11, 12, 12, 13, 13, 14, 14, 15, 15, 16, 16, 17, 17, 18, 18, 19, 19, 20, 20, 21, 21, 22, 22, 23, 23, 24, 24, 25, 25, 26, 26, 27, 27, 28, 28, 29, 29, 30, 30, 31, 31, 32, 32, 33, 33, 34, 34, 35, 35, 36, 36, 37, 37, 38, 38, 39, 39, 40, 40, 41, 41, 42, 42, 43, 43, 44, 44, 45, 45, 46, 46, 47, 47, 48, 48, 49, 49, 50, 50, 51, 51, 52, 52, 53, 53, 54, 54, 55, 55, 56, 56, 57, 57, 58, 58, 59, 59, 60, 60, 61, 61, 62, 62, 63, 63, 64, 64, 65, 65, 66, 66, 67, 67, 68, 68, 69, 69, 70, 70, 71, 71, 72, 72, 73, 73, 74, 74, 75, 75, 76, 76, 77, 77, 78, 78, 79, 79, 80, 80, 81, 81, 82, 82, 83, 83, 84, 84, 85, 85, 86, 86, 87, 87, 88, 88, 89, 89, 90, 90, 91, 91, 92, 92, 93, 93, 94, 94, 95, 95, 96, 96, 97, 97, 98, 98, 99, 99], "loss": [5.253519925377447, 3.5777745375530325, 2.9614079694191426, 2.6492923698265205, 2.46858971086528, 2.3418596459807253, 2.2470358552025567, 2.1821977139758073, 2.132190518813739, 2.08751146246394, 2.0508384610728014, 2.024666577553768, 1.9985208386044613, 1.976888884695695, 1.9573159783864194, 1.9423907498280397, 1.9283104966775024, 1.915610166333562, 1.900805034130502, 1.8920382908303484, 1.8850618213486614, 1.873491832154165, 1.866850928436938, 1.8604635148406696, 1.8539180063801133, 1.8469593058005989, 1.8408949136448136, 1.8370433826145414, 1.8311184501285842, 1.8279484640017782, 1.8213717176092805, 1.8192116223650872, 1.815196569017369, 1.4185099341600633, 1.3255418482825434, 1.2890501385398334, 1.2610757547459728, 1.2429710593012024, 1.2282255378177316, 1.2124632206990373, 1.2028377578079368, 1.1932756092241532, 1.1828662586107337, 1.181172811084514, 1.172322260818893, 1.1660007115700644, 1.1639979451680356, 1.1612621447879918, 1.1575324894141237, 1.1526798921094523, 1.1533461640492904, 1.1484223020543678, 1.147655957251144, 1.1477134886214868, 1.145832199725411, 1.1453036529173573, 1.143458757373831, 1.1437063382255088, 1.143494341465876, 1.1407823789176894, 1.1413489586824803, 1.139941642753226, 1.1373363206807754, 1.13635691037948, 1.1347389031085464, 1.1356886244125122, 1.0008633996752336, 0.9623445073525302, 0.9457811846388139, 0.9359357117844238, 0.9274319658557669, 0.9199856269797928, 0.9127633914196616, 0.9093562980874075, 0.9038095905435838, 0.8978165276616598, 0.894541066565769, 0.891406570693, 0.887052836416246, 0.8816808144108569, 0.8798256177219936, 0.8772429330505246, 0.8720386878525516, 0.8705408465233352, 0.8683031128226615, 0.8649431974720135, 0.8614428811888996, 0.8583260607138145, 0.855217381894922, 0.8550231370279829, 0.8519233586452752, 0.8492243430740256, 0.8468610796091749, 0.8447688960676475, 0.8434734618682846, 0.8429804379038578, 0.8363196814565255, 0.8375724662693856, 0.8324332825666804, 0.8184352387293733], "sec": [6708.676978349686, 108.45415711402893, 6687.000813007355, 109.2910852432251, 6683.834303379059, 109.25279664993286, 6680.429662942886, 108.29988169670105, 6681.585170030594, 108.48349952697754, 6678.972328186035, 108.38067078590393, 6670.514195919037, 108.13834238052368, 6673.571378946304, 108.69027090072632, 6674.701060533524, 109.40024590492249, 6677.060089826584, 108.59878659248352, 6673.336014509201, 107.95692944526672, 6669.146089076996, 108.51407122612, 6671.483124732971, 108.12144827842712, 6666.595788002014, 108.60672736167908, 6664.1834881305695, 107.29849576950073, 6656.801358699799, 113.37477016448975, 6655.750572681427, 108.00111651420593, 6660.137569189072, 107.81127452850342, 6655.9278445243835, 107.79890966415405, 6653.152849674225, 107.48378324508667, 6662.086786985397, 108.1798632144928, 6661.068064928055, 107.64904069900513, 6659.055653333664, 108.16520524024963, 6660.126932144165, 107.97463583946228, 6655.357347249985, 107.72786164283752, 6655.712473869324, 107.55938982963562, 6653.874442100525, 108.12041211128235, 6652.036974191666, 107.85970258712769, 6650.497308015823, 107.41645646095276, 6650.280607223511, 107.3308322429657, 6650.057916879654, 107.41469883918762, 6648.147733449936, 107.41721177101135, 6648.479627609253, 107.06488943099976, 6650.175237417221, 107.09091687202454, 6651.382900476456, 106.83042192459106, 6646.620607614517, 107.04084253311157, 6646.341286897659, 107.69481229782104, 6645.490834712982, 106.80630254745483, 6656.19250869751, 106.7029459476471, 6670.094472885132, 107.48714089393616, 6652.463557243347, 107.41792249679565, 6657.064361333847, 107.44024968147278, 6664.17852139473, 108.59664702415466, 6674.5758464336395, 108.27334690093994, 6666.838095426559, 108.06689882278442, 6667.885791301727, 107.46991157531738, 6668.81218290329, 113.51302719116211, 6669.903304576874, 107.4907283782959, 6667.101635217667, 108.06934428215027, 6678.530830621719, 107.69055390357971, 6678.996865034103, 108.53993916511536, 6674.382576942444, 108.09462809562683, 6677.089735031128, 108.01743936538696, 6667.456342458725, 107.50449252128601, 6666.378512382507, 109.25535011291504, 6669.0111718177795, 107.0999846458435, 6668.391076564789, 108.31072211265564, 6637.210748910904, 106.74848127365112, 6611.174987077713, 105.76429891586304, 6643.9485857486725, 108.05703854560852, 6684.917724609375, 108.34831237792969, 6627.83221912384, 105.03210091590881, 6577.070323944092, 104.27910423278809, 6577.714980125427, 103.90700054168701, 6590.569009542465, 107.68805027008057, 6605.106521368027, 104.88074398040771, 6592.417464017868, 106.41512942314148, 6590.040138244629, 103.63056898117065, 6581.583040475845, 103.6181333065033, 6598.9348311424255, 111.73574709892273, 6615.7670748233795, 104.99718236923218, 6619.799124956131, 105.50976657867432, 6618.280133724213, 104.80668830871582, 6616.98540687561, 104.8510537147522, 6614.480326414108, 104.63164138793945, 6614.709663152695, 105.13380265235901, 6610.775031089783, 104.94617581367493, 6615.435773849487, 105.66311287879944, 6612.787134647369, 105.9228241443634, 6617.276218891144, 104.32967376708984, 6614.945125102997, 104.85801792144775, 6610.51095533371, 105.33765959739685, 6613.041277885437, 104.64403176307678, 6612.081152915955, 104.19967603683472, 6609.881949901581, 104.73808073997498, 6609.362172603607, 104.66404724121094, 6609.068613052368, 113.21400880813599, 6610.386221408844, 104.52579665184021, 6615.541301250458, 105.66312456130981, 6607.867522954941, 104.13953399658203, 6613.144322395325, 104.81600666046143, 6613.6548392772675, 104.28756475448608, 6615.498699426651, 105.04971599578857, 6612.262681722641, 104.87345719337463, 6609.727658510208, 105.63563466072083, 6614.167870759964, 104.77639818191528, 6616.681612253189, 105.33208227157593, 6610.2315537929535, 104.90561842918396, 6609.225105047226, 104.92030239105225, 6610.033946752548, 105.13518619537354],