{"epoch": [0, 0, 1, 1, 2, 2, 3, 3, 4, 4, 5, 5, 6, 6, 7, 7, 8, 8, 9, 9, 10, 10, 11, 11, 12, 12, 13, 13, 14, 14, 15, 15, 16, 16, 17, 17, 18, 18, 19, 19, 20, 20, 21, 21, 22, 22, 23, 23, 24, 24, 25, 25, 26, 26, 27, 27, 28, 28, 29, 29, 30, 30, 31, 31, 32, 32, 33, 33, 34, 34, 35, 35, 36, 36, 37, 37, 38, 38, 39, 39, 40, 40, 41, 41, 42, 42, 43, 43, 44, 44, 45, 45, 46, 46, 47, 47, 48, 48, 49, 49, 50, 50, 51, 51, 52, 52, 53, 53, 54, 54, 55, 55, 56, 56, 57, 57, 58, 58, 59, 59, 60, 60, 61, 61, 62, 62, 63, 63, 64, 64, 65, 65, 66, 66, 67, 67, 68, 68, 69, 69, 70, 70, 71, 71, 72, 72, 73, 73, 74, 74, 75, 75, 76, 76, 77, 77, 78, 78, 79, 79, 80, 80, 81, 81, 82, 82, 83, 83, 84, 84, 85, 85, 86, 86, 87, 87, 88, 88, 89, 89, 90, 90, 91, 91, 92, 92, 93, 93, 94, 94, 95, 95, 96, 96, 97, 97, 98, 98, 99, 99], "loss": [5.260395917961065, 3.5873972987480682, 2.9747837294968105, 2.661296420055423, 2.4731305367845615, 2.3477775051915866, 2.2572243243193837, 2.187512400815432, 2.1353323044632075, 2.093368195229583, 2.056220522553896, 2.026196568275241, 2.000501562841981, 1.980592078346905, 1.9605228928543872, 1.9398822508079352, 1.9267795234084797, 1.9126433698202876, 1.9029327647196208, 1.8946878979627273, 1.8824023618686685, 1.8727827190781097, 1.8640345351206218, 1.858475871795087, 1.8533874446158405, 1.8455192218486258, 1.839532619757618, 1.834620370758142, 1.829367833886501, 1.8278185650408507, 1.8201111627520798, 1.8174300945634179, 1.8124405876052179, 1.415510337177417, 1.3212341005853612, 1.281884069660966, 1.258868435637461, 1.2392800515837712, 1.2204527602635986, 1.2091979357978995, 1.199755080693441, 1.1875533505404692, 1.1807145735771536, 1.172732262731456, 1.1680127260543935, 1.1617401673925294, 1.1580113535352368, 1.1533885288248054, 1.1519440863725188, 1.1477152552726648, 1.1474359501227678, 1.1444087692206617, 1.1417601747240285, 1.1423193054805272, 1.139924318884774, 1.1405768161483234, 1.1379612423151995, 1.1352956610189067, 1.1372901851372372, 1.136211807183701, 1.1349172129762544, 1.1324954077446585, 1.1317523741226592, 1.1303961994312555, 1.1297096721559978, 1.1288300330261531, 0.9962984939559186, 0.9560008368236746, 0.9393691900584528, 0.9269539993300998, 0.9195594846439972, 0.9129089418885042, 0.9064590722012767, 0.9009358124862568, 0.8965138533799578, 0.8907596915126514, 0.8873947783768605, 0.8845591191336405, 0.879727257360562, 0.876265155635387, 0.8715773303684095, 0.869047555706198, 0.8648575925045638, 0.8617536845586473, 0.859964057624483, 0.8580581145130283, 0.8538035753009607, 0.8517912244863457, 0.8470894974007976, 0.8460993291281587, 0.8442663502969521, 0.8410061103739231, 0.8399438241736399, 0.8381090623011692, 0.8329419611836318, 0.8327415739174941, 0.8300630284203805, 0.827304407537317, 0.8260446544602621, 0.8086960928664981], "sec": [7156.044743776321, 110.50218439102173, 7154.046627998352, 111.03811073303223, 7150.9773042202, 109.76551103591919, 7142.615852594376, 110.67715907096863, 7144.513532400131, 110.68330764770508, 7139.409999847412, 110.23635458946228, 7148.930955410004, 110.74296736717224, 7131.751446723938, 111.40761876106262, 7137.315016746521, 110.79466581344604, 7121.941695451736, 110.68445014953613, 7133.426371097565, 109.92835474014282, 7132.281361103058, 110.24547100067139, 7127.874480724335, 109.87187027931213, 7126.045053482056, 109.96624445915222, 7119.835084915161, 114.9074342250824, 7117.502358198166, 109.86059403419495, 7118.463632106781, 109.43568301200867, 7115.894617795944, 109.67353677749634, 7118.471013069153, 110.61471056938171, 7126.908168554306, 109.84839034080505, 7123.080227851868, 109.95629835128784, 7122.310419082642, 109.67174911499023, 7120.678934574127, 110.13653922080994, 7111.0525431633, 109.49604892730713, 7116.236806631088, 109.76904940605164, 7111.131263256073, 109.19445180892944, 7106.667945861816, 109.7871367931366, 7108.4625415802, 109.79643893241882, 7109.553388595581, 109.75872921943665, 7105.860747337341, 110.12755012512207, 7102.892600059509, 110.17936897277832, 7105.366582870483, 109.8680727481842, 7107.803834199905, 110.07568025588989, 7109.450311899185, 109.47493410110474, 7107.036684513092, 108.86476063728333, 7106.973075389862, 109.35854315757751, 7109.148297786713, 109.71413087844849, 7108.322785615921, 110.549245595932, 7106.2617774009705, 109.37759494781494, 7144.2275178432465, 110.05760383605957, 7148.154575586319, 109.55240106582642, 7145.912104606628, 109.550705909729, 7145.194378614426, 109.76572561264038, 7147.6479461193085, 114.98585414886475, 7146.218074083328, 110.27416324615479, 7136.070105791092, 109.73858785629272, 7150.446161031723, 109.98375248908997, 7145.13361620903, 108.59747242927551, 7142.087407827377, 110.03028988838196, 7138.8993537425995, 109.72071766853333, 7134.226399898529, 109.9873435497284, 7133.878020524979, 110.48060607910156, 7134.569533586502, 110.26673603057861, 7224.822205543518, 108.9085693359375, 7601.661744832993, 109.37524318695068, 7391.906151771545, 108.69999122619629, 7107.962655067444, 109.5353786945343, 7520.599313497543, 105.26519918441772, 7547.213979721069, 103.92887949943542, 7702.518868923187, 104.68240714073181, 7478.883918046951, 105.9455680847168, 7890.7760808467865, 106.82933616638184, 7146.635806083679, 103.78585457801819, 7000.6295337677, 104.21260070800781, 7018.160285949707, 111.00748586654663, 7030.126965522766, 105.76402592658997, 7030.5719113349915, 105.74886846542358, 7032.358502626419, 105.25681829452515, 7032.44430398941, 105.06902432441711, 7035.453658342361, 104.34071469306946, 7032.698580265045, 104.85388612747192, 7031.534542560577, 104.82989621162415, 7035.883094072342, 104.76195645332336, 7032.558594465256, 104.8115565776825, 7035.725237131119, 105.06212282180786, 7027.523010015488, 104.6401207447052, 7031.182596683502, 104.2728762626648, 7030.27251458168, 105.00919508934021, 7026.959942340851, 104.32136154174805, 7024.811053514481, 104.4964210987091, 7025.972885608673, 111.5278902053833, 7025.237215995789, 104.82089757919312, 7027.010203361511, 104.63090181350708, 7020.900109529495, 105.24953293800354, 7023.399254798889, 103.81983733177185, 7017.474534034729, 104.57202935218811, 7031.9728236198425, 105.35976481437683, 7023.213439941406, 104.5788803100586, 7020.042376995087, 104.15623784065247, 7017.980251550674, 104.65532422065735, 7025.134936332703, 104.53230118751526, 7021.759709358215, 103.87212014198303, 7017.313871145248, 104.51493096351624, 7063.010636091232, 104.22865343093872, 7071.860608577728, 103.93514466285706, 7054.956166744232, 104.6763174533844, 7048.834045648575, 104.36237454414368, 7047.708107471466, 103.82228398323059, 7045.12611913681, 104.30303454399109, 7048.6309468746185, 104.09630060195923],