block_id,depth,act_per_fmap-upper,is_zero
fp_block,2,0.40177191980183125,0.0
fp_block,21,0.27013135235756636,0.0
fp_block,40,0.1909401971194029,0.046875
