{"epoch": [0, 0, 1, 1, 2, 2, 3, 3, 4, 4, 5, 5, 6, 6, 7, 7, 8, 8, 9, 9, 10, 10, 11, 11, 12, 12, 13, 13, 14, 14, 15, 15, 16, 16, 17, 17, 18, 18, 19, 19, 20, 20, 21, 21, 22, 22, 23, 23, 24, 24, 25, 25, 26, 26, 27, 27, 28, 28, 29, 29, 30, 30, 31, 31, 32, 32, 33, 33, 34, 34, 35, 35, 36, 36, 37, 37, 38, 38, 39, 39, 40, 40, 41, 41, 42, 42, 43, 43, 44, 44, 45, 45, 46, 46, 47, 47, 48, 48, 49, 49, 50, 50, 51, 51, 52, 52, 53, 53, 54, 54, 55, 55, 56, 56, 57, 57, 58, 58, 59, 59, 60, 60, 61, 61, 62, 62, 63, 63, 64, 64, 65, 65, 66, 66, 67, 67, 68, 68, 69, 69, 70, 70, 71, 71, 72, 72, 73, 73, 74, 74, 75, 75, 76, 76, 77, 77, 78, 78, 79, 79, 80, 80, 81, 81, 82, 82, 83, 83, 84, 84, 85, 85, 86, 86, 87, 87, 88, 88, 89, 89, 90, 90, 91, 91, 92, 92, 93, 93, 94, 94, 95, 95, 96, 96, 97, 97, 98, 98, 99, 99], "loss": [5.273894087016154, 3.5318778333046454, 2.936419082297791, 2.648704824020727, 2.472559513138543, 2.351278643242175, 2.26265321265784, 2.2004231832963197, 2.143834007300919, 2.1033830017113475, 2.0649195434949954, 2.031109101147198, 2.00416427431442, 1.9816000721723341, 1.961907518329285, 1.9443248626139524, 1.929050816906442, 1.915628037006735, 1.9057071008365885, 1.8952289609123858, 1.888089468105615, 1.880926737920653, 1.8746753295453238, 1.8697379205724318, 1.8637453712147773, 1.8581824282662187, 1.855018708393347, 1.8485974215870375, 1.8424781260730552, 1.8401220898738773, 1.8381854673083737, 1.8366299665612664, 1.831649488396496, 1.4402041451441203, 1.3402471680530637, 1.3040904363187003, 1.2749522280016488, 1.2523164153575517, 1.234595507097473, 1.2186319922133506, 1.2046396554850465, 1.1957233281587238, 1.1845649898671609, 1.17769846615555, 1.1700933632804906, 1.1619932816850005, 1.1576299602560383, 1.1539841605890855, 1.149507388055658, 1.1437547486081874, 1.1422752852110172, 1.1369255006218033, 1.1386937548359521, 1.1332526223884403, 1.1341627669944276, 1.1302863031173114, 1.1289781156680185, 1.1296276872297175, 1.1250944351263754, 1.1264727872719678, 1.128090572895573, 1.1222855373204565, 1.123237181434052, 1.121258756382574, 1.1171318327399085, 1.1191339859907194, 0.9850797872129771, 0.9434520715861012, 0.9260184735083561, 0.916787906659307, 0.9046332931204094, 0.8995542816406817, 0.892981916642208, 0.8852294337072913, 0.8830162127622121, 0.8743112488187474, 0.8707082070273271, 0.8674350164586501, 0.8611910117330025, 0.8592849769752374, 0.8530005063179681, 0.8508170531760398, 0.8492586531703897, 0.8456772024825894, 0.8399755531887737, 0.8379247826542691, 0.8356204878130882, 0.8334830042650755, 0.8288612498653879, 0.826656914538712, 0.8245522916364632, 0.8190530455655617, 0.8190727819689363, 0.8144608472796272, 0.8105699837827187, 0.8100666692502779, 0.8102200898192198, 0.803150432692062, 0.8028067305124253, 0.7879145344098409], "sec": [5921.996428728104, 109.64720463752747, 5930.730847835541, 112.58242511749268, 5949.975543260574, 113.16875696182251, 5948.674810886383, 112.64500713348389, 5958.491675615311, 112.78825211524963, 5953.669942855835, 112.75206518173218, 5954.119977235794, 113.39297890663147, 5953.807166099548, 112.04080438613892, 5958.388295173645, 113.09955382347107, 5958.417649030685, 113.52314829826355, 5960.404984951019, 112.22135972976685, 5957.677115917206, 108.42365193367004, 5948.248829841614, 111.63752770423889, 5942.855456113815, 112.3935923576355, 5958.004454135895, 113.4421603679657, 5954.222541093826, 112.80893611907959, 5961.9379913806915, 113.84723138809204, 5963.641227245331, 111.92888832092285, 5959.435124397278, 113.3324544429779, 6003.943231105804, 120.68905353546143, 6024.903891324997, 119.38157963752747, 6034.180589199066, 118.12130951881409, 6012.13715338707, 116.90980958938599, 6000.680298566818, 115.20925092697144, 5988.922890424728, 109.87168502807617, 5929.496533870697, 106.3578712940216, 5918.010347127914, 107.04885053634644, 5912.811812162399, 109.89849328994751, 5944.580585479736, 120.61128950119019, 6051.595862150192, 121.5891010761261, 6075.514355659485, 121.10239839553833, 6016.031931877136, 109.83866024017334, 5939.664262294769, 106.37969398498535, 5919.413593292236, 104.63502621650696, 5909.152032375336, 104.45238447189331, 5891.950637817383, 102.75073146820068, 5894.54841542244, 101.92893600463867, 5893.862441539764, 102.30611300468445, 5895.417338848114, 102.76753449440002, 5894.593647956848, 102.26082754135132, 5893.586086273193, 102.99668788909912, 5893.670319318771, 102.05536317825317, 5895.058012485504, 102.58274173736572, 5890.739792108536, 102.40987920761108, 5893.549449443817, 102.32704567909241, 5892.921791315079, 102.35119915008545, 5893.145087718964, 101.36636281013489, 5866.4957280159, 100.11347007751465, 5850.184214353561, 97.6693754196167, 5833.244676828384, 97.48478031158447, 5834.288036823273, 98.40429520606995, 5832.768869638443, 97.80208277702332, 5820.141087055206, 97.6791570186615, 5813.230971336365, 97.40757513046265, 5811.23997592926, 97.00761032104492, 5810.845588684082, 96.95568585395813, 5805.61018204689, 96.65608310699463, 5792.148261547089, 96.91403102874756, 5789.810396194458, 96.62883710861206, 5790.985323667526, 96.51404523849487, 5793.032270908356, 96.50783443450928, 5791.993044614792, 96.34989953041077, 5791.537644147873, 96.94233894348145, 5788.32098865509, 96.79645919799805, 5788.60835313797, 97.28235292434692, 5790.657189130783, 96.67975091934204, 5790.1824560165405, 97.27947497367859, 5789.0848796367645, 97.17480397224426, 5790.455243349075, 97.13162398338318, 5785.7778606414795, 96.06846570968628, 5780.768569946289, 96.40038967132568, 5780.626051664352, 109.43026971817017, 5843.895658731461, 110.69312763214111, 5854.597374200821, 110.18097615242004, 5833.344174861908, 111.42875862121582, 5845.170644283295, 109.76234602928162, 5842.149784326553, 111.00994873046875, 5855.718855142593, 110.89198565483093, 5860.040992021561, 111.5718343257904, 5860.864310026169, 109.60274744033813, 5857.091466426849, 110.98086166381836, 5862.942798614502, 111.77606701850891, 5863.664889574051, 111.80023431777954, 5863.291290283203, 111.36662077903748, 5867.318451166153, 111.63162040710449, 5870.500078678131, 111.01187348365784, 5865.768781900406, 111.44951033592224, 5871.171413421631, 103.48510384559631, 5863.513651132584, 102.64981698989868, 5864.2644963264465, 102.6373598575592, 5860.325524806976, 102.49380207061768, 5859.558097362518, 101.08600211143494, 5847.02641248703, 97.21886825561523, 5836.972713947296, 97.65209412574768, 5837.383724927902, 97.61770606040955, 5834.3152022361755, 98.18597292900085, 5835.8642864227295, 97.93341445922852, 5831.994085788727, 97.690749168396, 5834.256136894226, 98.17594170570374, 5818.6261031627655, 95.75425744056702],